timestamp_ns,bsm_cycles,bsm_deadline_miss,provision_ok,provision_fail,last_keygen_ms,last_enroll_ms,last_pseudonym_ms,last_bsm_sign_ms,max_bsm_sign_ms,last_mutex_wait_ms,max_mutex_wait_ms,last_crl_check_ms,max_crl_check_ms,revoke_request_ms
443878222256000,0,0,0,0,0.000,0.000,0.000,0.000,0.000,0.000,0.000,0.000,0.000,0.000
443878245352000,1741,0,0,0,0.000,0.000,0.000,0.038,5.288,0.000,0.001,0.000,0.000,0.000
443879161681000,14387,0,288,0,2.234,0.804,0.598,0.155,29.918,0.001,0.021,0.158,1.234,0.000
443879223554000,0,0,0,0,0.000,0.000,0.000,0.000,0.000,0.000,0.000,0.000,0.000,0.000
443879246966000,1751,0,0,0,0.000,0.000,0.000,0.157,5.288,0.000,0.001,0.000,0.000,0.000
443880163128000,14397,0,289,0,1.023,0.459,0.091,0.098,29.918,0.000,0.021,0.158,1.234,0.000
443880225247000,0,0,0,0,0.000,0.000,0.000,0.000,0.000,0.000,0.000,0.000,0.000,0.000
443880248942000,1761,0,0,0,0.000,0.000,0.000,0.092,5.288,0.001,0.001,0.000,0.000,0.000
443881164506000,14407,0,289,0,1.023,0.459,0.091,0.188,29.918,0.001,0.021,0.271,1.234,0.000
443881226561000,0,0,0,0,0.000,0.000,0.000,0.000,0.000,0.000,0.000,0.000,0.000,0.000
443881250246000,1771,0,0,0,0.000,0.000,0.000,0.139,5.288,0.000,0.001,0.000,0.000,0.000
443882166107000,14417,0,289,0,1.023,0.459,0.091,0.168,29.918,0.000,0.021,0.271,1.234,0.000
443882228134000,0,0,0,0,0.000,0.000,0.000,0.000,0.000,0.000,0.000,0.000,0.000,0.000
443882251716000,1781,0,0,0,0.000,0.000,0.000,0.150,5.288,0.000,0.001,0.000,0.000,0.000
443883167465000,14427,0,289,0,1.023,0.459,0.091,0.096,29.918,0.000,0.021,0.271,1.234,0.000
443883229689000,0,0,0,0,0.000,0.000,0.000,0.000,0.000,0.000,0.000,0.000,0.000,0.000
443883253212000,1791,0,0,0,0.000,0.000,0.000,0.050,5.288,0.000,0.001,0.000,0.000,0.000
443884167758000,14437,0,289,0,1.023,0.459,0.091,0.078,29.918,0.000,0.021,0.271,1.234,0.000
443884230954000,0,0,0,0,0.000,0.000,0.000,0.000,0.000,0.000,0.000,0.000,0.000,0.000
443884254445000,1801,0,0,0,0.000,0.000,0.000,0.102,5.288,0.000,0.001,0.000,0.000,0.000
443885168234000,14446,0,290,0,0.606,0.345,0.047,0.058,29.918,0.000,0.021,0.271,1.234,0.000
443885232196000,0,0,0,0,0.000,0.000,0.000,0.000,0.000,0.000,0.000,0.000,0.000,0.000
443885254749000,1811,0,0,0,0.000,0.000,0.000,0.105,5.288,0.000,0.001,0.000,0.000,0.000
443886169354000,14456,0,290,0,0.606,0.345,0.047,3.966,29.918,0.000,0.021,0.271,1.234,0.000
443886232880000,7,1,1,0,3.918,447.786,6825.658,0.057,0.277,0.000,0.001,0.000,0.000,0.000
443886256030000,1821,0,0,0,0.000,0.000,0.000,0.054,5.288,0.000,0.001,0.000,0.000,0.000
443887170773000,14466,0,290,0,0.606,0.345,0.047,0.113,29.918,0.000,0.021,0.271,1.234,0.000
443887234260000,17,1,1,0,3.918,447.786,6825.658,0.222,0.293,0.000,0.001,0.000,0.000,0.000
443887257405000,1831,0,0,0,0.000,0.000,0.000,0.212,5.288,0.000,0.001,0.000,0.000,0.000
443888171573000,14476,0,290,0,0.606,0.345,0.047,0.072,29.918,0.000,0.021,0.271,1.234,0.000
443888235666000,27,1,1,0,3.918,447.786,6825.658,0.082,0.293,0.000,0.001,0.000,0.000,0.000
443888258883000,1841,0,0,0,0.000,0.000,0.000,0.068,5.288,0.000,0.001,0.000,0.000,0.000
443889173689000,14486,0,290,0,0.606,0.345,0.047,0.108,29.918,0.000,0.021,0.271,1.234,0.000
443889237046000,37,1,1,0,3.918,447.786,6825.658,0.101,0.293,0.000,0.001,0.000,0.000,0.000
443889259552000,1851,0,0,0,0.000,0.000,0.000,0.114,5.288,0.000,0.001,0.000,0.000,0.000
443890174968000,14496,0,291,0,0.895,0.569,0.115,0.166,29.918,0.000,0.021,0.271,1.234,0.000
443890238276000,47,1,1,0,3.918,447.786,6825.658,0.090,0.293,0.000,0.001,0.000,0.000,0.000
443890260936000,1861,0,0,0,0.000,0.000,0.000,0.184,5.288,0.000,0.001,0.000,0.000,0.000
443891176334000,14506,0,291,0,0.895,0.569,0.115,0.085,29.918,0.000,0.021,0.271,1.234,0.000
443891239668000,57,1,1,0,3.918,447.786,6825.658,0.130,0.783,0.000,0.001,0.000,0.000,0.000
443891262431000,1871,0,0,0,0.000,0.000,0.000,0.140,5.288,0.000,0.001,0.000,0.000,0.000
443892177681000,14516,0,291,0,0.895,0.569,0.115,0.075,29.918,0.000,0.021,0.271,1.234,0.000
443892241171000,67,1,1,0,3.918,447.786,6825.658,0.228,0.783,0.000,0.001,0.000,0.000,0.000
443892263871000,1881,0,0,0,0.000,0.000,0.000,0.064,5.288,0.000,0.001,0.000,0.000,0.000
443893179100000,14526,0,291,0,0.895,0.569,0.115,0.058,29.918,0.000,0.021,0.271,1.234,0.000
443893242318000,77,1,1,0,3.918,447.786,6825.658,0.212,0.783,0.000,0.001,0.000,0.000,0.000
443893265269000,1891,0,0,0,0.000,0.000,0.000,0.092,5.288,0.000,0.001,0.000,0.000,0.000
443894180377000,14536,0,291,0,0.895,0.569,0.115,0.140,29.918,0.000,0.021,0.271,1.234,0.000
443894243662000,87,1,1,0,3.918,447.786,6825.658,0.081,0.783,0.000,0.001,0.000,0.000,0.000
443894266559000,1901,0,0,0,0.000,0.000,0.000,0.117,5.288,0.000,0.001,0.000,0.000,0.000
443895181670000,14546,0,292,0,1.020,0.393,0.121,0.155,29.918,0.000,0.021,0.271,1.234,0.000
443895245137000,97,1,1,0,3.918,447.786,6825.658,0.102,0.783,0.000,0.001,0.000,0.000,0.000
443895267949000,1911,0,0,0,0.000,0.000,0.000,0.119,5.288,0.000,0.001,0.000,0.000,0.000
443896182970000,14556,0,292,0,1.020,0.393,0.121,0.115,29.918,0.000,0.021,0.271,1.234,0.000
443896246177000,107,1,1,0,3.918,447.786,6825.658,0.111,0.783,0.000,0.001,0.000,0.000,0.000
443896269530000,1921,0,0,0,0.000,0.000,0.000,0.199,5.288,0.000,0.001,0.000,0.000,0.000
443897184039000,14566,0,292,0,1.020,0.393,0.121,0.090,29.918,0.000,0.021,0.271,1.234,0.000
443897247436000,117,1,1,0,3.918,447.786,6825.658,0.116,0.783,0.000,0.001,0.000,0.000,0.000
443897270809000,1931,0,0,0,0.000,0.000,0.000,0.120,5.288,0.000,0.001,0.000,0.000,0.000
443898185378000,14576,0,292,0,1.020,0.393,0.121,0.059,29.918,0.000,0.021,0.271,1.234,0.000
443898248516000,127,1,1,0,3.918,447.786,6825.658,0.131,0.783,0.000,0.001,0.000,0.000,0.000
443898272026000,1941,0,0,0,0.000,0.000,0.000,0.102,5.288,0.000,0.001,0.000,0.000,0.000
443899186655000,14586,0,292,0,1.020,0.393,0.121,0.114,29.918,0.000,0.021,0.271,1.234,0.000
443899249810000,137,1,1,0,3.918,447.786,6825.658,0.173,0.783,0.000,0.001,0.000,0.000,0.000
443899273269000,1951,0,0,0,0.000,0.000,0.000,0.261,5.288,0.000,0.001,0.000,0.000,0.000
443900189600000,14596,0,293,0,2.079,0.753,0.501,0.132,29.918,0.001,0.021,0.271,1.234,0.000
443900251257000,147,1,1,0,3.918,447.786,6825.658,0.165,0.783,0.000,0.001,0.000,0.000,0.000
443900274649000,1961,0,0,0,0.000,0.000,0.000,0.141,5.288,0.000,0.001,0.000,0.000,0.000
443901190805000,14606,0,293,0,2.079,0.753,0.501,0.055,29.918,0.000,0.021,0.271,1.234,0.000
443901253140000,157,1,1,0,3.918,447.786,6825.658,0.061,0.783,0.000,0.001,0.000,0.000,0.000
443901275616000,1971,0,0,0,0.000,0.000,0.000,0.066,5.288,0.000,0.001,0.000,0.000,0.000
443902192087000,14616,0,293,0,2.079,0.753,0.501,0.148,29.918,0.000,0.021,0.271,1.234,0.000
443902254388000,167,1,1,0,3.918,447.786,6825.658,0.130,0.783,0.000,0.001,0.000,0.000,0.000
443902277123000,1981,0,0,0,0.000,0.000,0.000,0.317,5.288,0.000,0.001,0.000,0.000,0.000
443903193641000,14626,0,293,0,2.079,0.753,0.501,0.074,29.918,0.000,0.021,0.271,1.234,0.000
443903255006000,177,1,1,0,3.918,447.786,6825.658,0.096,0.783,0.000,0.001,0.000,0.000,0.000
443903278804000,1991,0,0,0,0.000,0.000,0.000,0.083,5.288,0.000,0.001,0.000,0.000,0.000
443904195091000,14636,0,293,0,2.079,0.753,0.501,0.201,29.918,0.000,0.021,0.271,1.234,0.000
443904256291000,187,1,1,0,3.918,447.786,6825.658,0.123,0.783,0.000,0.001,0.000,0.000,0.000
443904280035000,2001,0,0,0,0.000,0.000,0.000,0.059,5.288,0.000,0.001,0.000,0.000,0.000
443905196801000,14646,0,294,0,1.530,0.444,0.231,0.179,29.918,0.000,0.021,0.271,1.234,0.000
443905257737000,197,1,1,0,3.918,447.786,6825.658,0.202,0.783,0.000,0.001,0.000,0.000,0.000
443905281579000,2011,0,0,0,0.000,0.000,0.000,0.115,5.288,0.000,0.001,0.000,0.000,0.000
443906198196000,14657,0,294,0,1.530,0.444,0.231,0.107,29.918,0.000,0.021,0.271,1.234,0.000
443906259293000,207,1,1,0,3.918,447.786,6825.658,0.145,0.783,0.000,0.001,0.000,0.000,0.000
443906283089000,2021,0,0,0,0.000,0.000,0.000,0.079,5.288,0.000,0.001,0.000,0.000,0.000
443907199505000,14667,0,294,0,1.530,0.444,0.231,0.108,29.918,0.000,0.021,0.271,1.234,0.000
443907261006000,217,1,1,0,3.918,447.786,6825.658,0.131,0.783,0.000,0.001,0.000,0.000,0.000
443907284414000,2031,0,0,0,0.000,0.000,0.000,0.078,5.288,0.000,0.001,0.000,0.000,0.000
443908200821000,14677,0,294,0,1.530,0.444,0.231,0.109,29.918,0.000,0.021,0.271,1.234,0.000
443908262608000,227,1,1,0,3.918,447.786,6825.658,0.078,0.783,0.000,0.001,0.000,0.000,0.000
443908285753000,2041,0,0,0,0.000,0.000,0.000,0.071,5.288,0.000,0.001,0.000,0.000,0.000
443909202743000,14687,0,294,0,1.530,0.444,0.231,0.129,29.918,0.001,0.021,0.271,1.234,0.000
443909263942000,237,1,1,0,3.918,447.786,6825.658,0.528,0.783,0.000,0.001,0.000,0.000,0.000
443909287067000,2051,0,0,0,0.000,0.000,0.000,0.096,5.288,0.000,0.001,0.000,0.000,0.000
443910203576000,14697,0,295,0,0.941,0.164,0.116,0.066,29.918,0.000,0.021,0.271,1.234,0.000
443910265417000,247,1,1,0,3.918,447.786,6825.658,0.115,0.783,0.001,0.001,0.000,0.000,0.000
443910288011000,2061,0,0,0,0.000,0.000,0.000,0.053,5.288,0.000,0.001,0.000,0.000,0.000
443911204963000,14707,0,295,0,0.941,0.164,0.116,0.038,29.918,0.000,0.021,0.980,1.234,0.000
443911265971000,257,1,1,0,3.918,447.786,6825.658,0.064,0.783,0.000,0.001,0.000,0.000,0.000
443911289230000,2071,0,0,0,0.000,0.000,0.000,0.086,5.288,0.000,0.001,0.000,0.000,0.000
443912206280000,14717,0,295,0,0.941,0.164,0.116,0.099,29.918,0.000,0.021,0.980,1.234,0.000
443912267208000,267,1,1,0,3.918,447.786,6825.658,0.065,0.783,0.000,0.001,0.000,0.000,0.000
443912290424000,2081,0,0,0,0.000,0.000,0.000,0.038,5.288,0.000,0.001,0.000,0.000,0.000
443913207546000,14727,0,295,0,0.941,0.164,0.116,0.111,29.918,0.000,0.021,0.980,1.234,0.000
443913267462000,277,1,1,0,3.918,447.786,6825.658,0.126,0.783,0.000,0.001,0.000,0.000,0.000
443913291628000,2091,0,0,0,0.000,0.000,0.000,0.106,5.288,0.000,0.001,0.000,0.000,0.000
443914208840000,14737,0,295,0,0.941,0.164,0.116,0.084,29.918,0.000,0.021,0.980,1.234,0.000
443914268809000,287,1,1,0,3.918,447.786,6825.658,0.066,0.783,0.000,0.001,0.000,0.000,0.000
443914292858000,2101,0,0,0,0.000,0.000,0.000,0.042,5.288,0.000,0.001,0.000,0.000,0.000
443915209156000,14747,0,296,0,0.785,0.446,0.089,0.046,29.918,0.000,0.021,0.980,1.234,0.000
443915270067000,297,1,1,0,3.918,447.786,6825.658,0.070,0.783,0.000,0.001,0.000,0.000,0.000
443915293402000,2111,0,0,0,0.000,0.000,0.000,0.099,5.288,0.000,0.001,0.000,0.000,0.000
443916210408000,14757,0,296,0,0.785,0.446,0.089,0.080,29.918,0.000,0.021,0.980,1.234,0.000
443916271327000,307,2,1,0,3.918,447.786,6825.658,0.173,0.783,0.000,0.001,0.000,0.000,0.000
443916294673000,2121,0,0,0,0.000,0.000,0.000,0.059,5.288,0.000,0.001,0.000,0.000,0.000
443917211773000,14767,0,296,0,0.785,0.446,0.089,0.082,29.918,0.000,0.021,0.980,1.234,0.000
443917272698000,317,2,1,0,3.918,447.786,6825.658,0.134,0.783,0.000,0.001,0.000,0.000,0.000
443917295784000,2131,0,0,0,0.000,0.000,0.000,0.128,5.288,0.000,0.001,0.000,0.000,0.000
443918213367000,14777,0,296,0,0.785,0.446,0.089,0.056,29.918,0.000,0.021,0.980,1.234,0.000
443918274102000,327,2,1,0,3.918,447.786,6825.658,0.095,0.783,0.000,0.001,0.000,0.000,0.000
443918297120000,2141,0,0,0,0.000,0.000,0.000,0.092,5.288,0.000,0.001,0.000,0.000,0.000
443919214918000,14787,0,296,0,0.785,0.446,0.089,0.173,29.918,0.000,0.021,0.980,1.234,0.000
443919275428000,337,2,1,0,3.918,447.786,6825.658,0.158,0.783,0.000,0.001,0.000,0.000,0.000
443919298624000,2151,0,0,0,0.000,0.000,0.000,0.109,5.288,0.000,0.001,0.000,0.000,0.000
443920216808000,14797,0,297,0,0.941,0.523,0.133,0.121,29.918,0.000,0.021,0.980,1.234,0.000
443920276778000,347,2,1,0,3.918,447.786,6825.658,0.122,0.783,0.000,0.001,0.000,0.000,0.000
443920300766000,2161,0,0,0,0.000,0.000,0.000,0.161,5.288,0.000,0.001,0.000,0.000,0.000
443921218365000,14807,0,297,0,0.941,0.523,0.133,0.174,29.918,0.000,0.021,0.980,1.234,0.000
443921278294000,357,2,1,0,3.918,447.786,6825.658,0.187,0.783,0.001,0.001,0.000,0.000,0.000
443921302139000,2171,0,0,0,0.000,0.000,0.000,0.191,5.288,0.000,0.001,0.000,0.000,0.000
443922220090000,14817,0,297,0,0.941,0.523,0.133,0.256,29.918,0.000,0.021,0.980,1.234,0.000
443922279743000,367,2,1,0,3.918,447.786,6825.658,0.220,0.783,0.000,0.001,0.000,0.000,0.000
443922303832000,2181,0,0,0,0.000,0.000,0.000,0.183,5.288,0.000,0.001,0.000,0.000,0.000
443923221715000,14827,0,297,0,0.941,0.523,0.133,0.158,29.918,0.000,0.021,0.980,1.234,0.000
443923281251000,377,2,1,0,3.918,447.786,6825.658,0.333,0.783,0.000,0.001,0.000,0.000,0.000
443923305272000,2192,0,0,0,0.000,0.000,0.000,0.130,5.288,0.000,0.001,0.000,0.000,0.000
443924223298000,14837,0,297,0,0.941,0.523,0.133,0.255,29.918,0.000,0.021,0.980,1.234,0.000
443924282990000,387,2,1,0,3.918,447.786,6825.658,0.127,0.783,0.000,0.001,0.000,0.000,0.000
443924306895000,2201,0,0,0,0.000,0.000,0.000,0.124,5.288,0.000,0.039,0.000,0.000,0.000
443925225800000,14847,0,298,0,1.245,0.156,0.093,0.085,29.918,0.001,0.021,0.980,1.234,0.000
443925284296000,397,2,1,0,3.918,447.786,6825.658,0.150,0.783,0.000,0.001,0.000,0.000,0.000
443925308289000,2211,0,0,0,0.000,0.000,0.000,0.191,5.288,0.000,0.039,0.000,0.000,0.000
443926227343000,14857,0,298,0,1.245,0.156,0.093,0.173,29.918,0.000,0.021,0.980,1.234,0.000
443926285741000,407,2,1,0,3.918,447.786,6825.658,0.266,0.783,0.000,0.001,0.000,0.000,0.000
443926309720000,2221,0,0,0,0.000,0.000,0.000,0.267,5.288,0.000,0.039,0.000,0.000,0.000
443927229042000,14867,0,298,0,1.245,0.156,0.093,0.208,29.918,0.000,0.021,0.980,1.234,0.000
443927287522000,417,2,1,0,3.918,447.786,6825.658,0.264,0.783,0.000,0.001,0.000,0.000,0.000
443927311229000,2231,0,0,0,0.000,0.000,0.000,0.172,5.288,0.000,0.039,0.000,0.000,0.000
443928230668000,14877,0,298,0,1.245,0.156,0.093,0.146,29.918,0.001,0.021,0.980,1.234,0.000
443928288430000,427,2,1,0,3.918,447.786,6825.658,0.090,0.783,0.000,0.001,0.000,0.000,0.000
443928312629000,2242,0,0,0,0.000,0.000,0.000,0.117,5.288,0.000,0.039,0.000,0.000,0.000
443929232356000,14887,0,298,0,1.245,0.156,0.093,0.154,29.918,0.000,0.021,0.980,1.234,0.000
443929289886000,437,2,1,0,3.918,447.786,6825.658,0.192,0.783,0.000,0.001,0.000,0.000,0.000
443929314210000,2252,0,0,0,0.000,0.000,0.000,0.262,5.288,0.000,0.039,0.000,0.000,0.000
443930233393000,14897,0,299,0,2.038,0.608,0.324,0.165,29.918,0.000,0.021,0.980,1.234,0.000
443930295874000,447,2,1,0,3.918,447.786,6825.658,0.190,0.783,0.000,0.001,0.000,0.000,0.000
443930315820000,2262,0,0,0,0.000,0.000,0.000,0.121,5.288,0.000,0.039,0.000,0.000,0.000
443931235568000,14907,0,299,0,2.038,0.608,0.324,0.150,29.918,0.000,0.021,0.980,1.234,0.000
443931300523000,457,2,1,0,3.918,447.786,6825.658,0.207,0.783,0.000,0.001,0.000,0.000,0.000
443931317374000,2271,0,0,0,0.000,0.000,0.000,0.220,5.288,0.000,0.039,0.000,0.000,0.000
443932237313000,14917,0,299,0,2.038,0.608,0.324,0.184,29.918,0.000,0.021,0.980,1.234,0.000
443932302099000,467,2,1,0,3.918,447.786,6825.658,0.192,0.783,0.000,0.001,0.000,0.000,0.000
443932318886000,2281,0,0,0,0.000,0.000,0.000,0.155,5.288,0.000,0.039,0.000,0.000,0.000
443933238456000,14927,0,299,0,2.038,0.608,0.324,0.122,29.918,0.000,0.021,0.980,1.234,0.000
443933303674000,477,2,1,0,3.918,447.786,6825.658,0.107,0.783,0.000,0.001,0.000,0.000,0.000
443933320539000,2291,0,0,0,0.000,0.000,0.000,0.079,5.288,0.000,0.039,0.000,0.000,0.000
443934239978000,14937,0,299,0,2.038,0.608,0.324,0.185,29.918,0.000,0.021,0.980,1.234,0.000
443934305269000,487,2,1,0,3.918,447.786,6825.658,0.129,0.783,0.000,0.001,0.000,0.000,0.000
443934322043000,2301,0,0,0,0.000,0.000,0.000,0.184,5.288,0.000,0.039,0.000,0.000,0.000
443935241585000,14947,0,300,0,1.928,0.697,0.329,0.195,29.918,0.000,0.021,0.980,1.234,0.000
443935306786000,497,2,1,0,3.918,447.786,6825.658,0.164,0.783,0.000,0.001,0.000,0.000,0.000
443935323319000,2311,0,0,0,0.000,0.000,0.000,0.261,5.288,0.000,0.039,0.000,0.000,0.000
443936243281000,14957,0,300,0,1.928,0.697,0.329,0.282,29.918,0.000,0.021,0.980,1.234,0.000
443936307825000,507,2,1,0,3.918,447.786,6825.658,0.187,0.783,0.000,0.001,0.000,0.000,0.000
443936324741000,2321,0,0,0,0.000,0.000,0.000,0.175,5.288,0.000,0.039,0.000,0.000,0.000
443937245572000,14967,0,300,0,1.928,0.697,0.329,0.150,29.918,0.000,0.021,0.980,1.234,0.000
443937309343000,517,2,1,0,3.918,447.786,6825.658,0.158,0.783,0.000,0.001,0.000,0.000,0.000
443937326405000,2331,0,0,0,0.000,0.000,0.000,0.247,5.288,0.000,0.039,0.000,0.000,0.000
443938246907000,14977,0,300,0,1.928,0.697,0.329,0.118,29.918,0.000,0.021,0.980,1.234,0.000
443938310892000,527,2,1,0,3.918,447.786,6825.658,0.086,0.783,0.000,0.001,0.000,0.000,0.000
443938327430000,2341,0,0,0,0.000,0.000,0.000,0.141,5.288,0.000,0.039,0.000,0.000,0.000
443939248418000,14987,0,300,0,1.928,0.697,0.329,0.295,29.918,0.000,0.021,0.980,1.234,0.000
443939312488000,537,2,1,0,3.918,447.786,6825.658,0.154,0.783,0.000,0.001,0.000,0.000,0.000
443939328727000,2352,0,0,0,0.000,0.000,0.000,0.153,5.288,0.000,0.039,0.000,0.000,0.000
443940249550000,14997,0,301,0,1.675,0.476,0.296,0.188,29.918,0.000,0.021,0.980,1.234,0.000
443940313638000,547,2,1,0,3.918,447.786,6825.658,0.132,0.783,0.000,0.001,0.000,0.000,0.000
443940329459000,2361,0,0,0,0.000,0.000,0.000,0.252,5.288,0.000,0.039,0.000,0.000,0.000
443941250658000,15007,0,301,0,1.675,0.476,0.296,0.187,29.918,0.000,0.021,0.118,1.234,0.000
443941315462000,557,2,1,0,3.918,447.786,6825.658,0.234,0.913,0.001,0.001,0.000,0.000,0.000
443941331129000,2372,0,0,0,0.000,0.000,0.000,0.223,5.288,0.000,0.039,0.000,0.000,0.000
443942251194000,15017,0,301,0,1.675,0.476,0.296,0.184,29.918,0.000,0.021,0.118,1.234,0.000
443942316782000,567,2,1,0,3.918,447.786,6825.658,0.272,0.913,0.000,0.001,0.000,0.000,0.000
443942333074000,2382,0,0,0,0.000,0.000,0.000,0.134,5.288,0.000,0.039,0.000,0.000,0.000
443943252755000,15027,0,301,0,1.675,0.476,0.296,0.119,29.918,0.000,0.021,0.118,1.234,0.000
443943318143000,577,2,1,0,3.918,447.786,6825.658,0.125,0.913,0.000,0.001,0.000,0.000,0.000
443943334398000,2392,0,0,0,0.000,0.000,0.000,0.111,5.288,0.000,0.039,0.000,0.000,0.000
443944254296000,15037,0,301,0,1.675,0.476,0.296,0.145,29.918,0.000,0.021,0.118,1.234,0.000
443944319503000,587,2,1,0,3.918,447.786,6825.658,0.266,0.913,0.000,0.001,0.000,0.000,0.000
443944335639000,2402,0,0,0,0.000,0.000,0.000,0.263,5.288,0.000,0.039,0.000,0.000,0.000
443945256217000,15047,0,302,0,1.559,0.612,0.161,0.159,29.918,0.000,0.021,0.118,1.234,0.000
443945321088000,597,2,1,0,3.918,447.786,6825.658,0.377,0.913,0.000,0.001,0.000,0.000,0.000
443945336840000,2412,0,0,0,0.000,0.000,0.000,0.125,5.288,0.000,0.039,0.000,0.000,0.000
443946257915000,15057,0,302,0,1.559,0.612,0.161,0.115,29.918,0.000,0.021,0.118,1.234,0.000
443946322494000,606,3,1,0,3.918,447.786,6825.658,0.191,0.913,0.000,0.001,0.000,0.000,0.000
443946338304000,2422,0,0,0,0.000,0.000,0.000,0.139,5.288,0.000,0.039,0.000,0.000,0.000
443947259262000,15067,0,302,0,1.559,0.612,0.161,0.067,29.918,0.000,0.021,0.118,1.234,0.000
443947324045000,616,3,1,0,3.918,447.786,6825.658,0.071,0.913,0.000,0.001,0.000,0.000,0.000
443947340993000,2432,0,0,0,0.000,0.000,0.000,0.149,5.288,0.000,0.039,0.000,0.000,0.000
443948260532000,15077,0,302,0,1.559,0.612,0.161,0.090,29.918,0.000,0.021,0.118,1.234,0.000
443948325672000,626,3,1,0,3.918,447.786,6825.658,0.105,0.913,0.000,0.001,0.000,0.000,0.000
443948342670000,2442,0,0,0,0.000,0.000,0.000,0.131,5.288,0.000,0.039,0.000,0.000,0.000
443949261994000,15087,0,302,0,1.559,0.612,0.161,0.293,29.918,0.001,0.021,0.118,1.234,0.000
443949327150000,636,3,1,0,3.918,447.786,6825.658,0.290,0.913,0.000,0.001,0.000,0.000,0.000
443949343282000,2452,0,0,0,0.000,0.000,0.000,0.161,5.288,0.000,0.039,0.000,0.000,0.000
443950263648000,15097,0,303,0,1.474,0.528,0.163,0.086,29.918,0.000,0.021,0.118,1.234,0.000
443950328745000,646,3,1,0,3.918,447.786,6825.658,0.117,0.913,0.000,0.001,0.000,0.000,0.000
443950348736000,2462,0,0,0,0.000,0.000,0.000,0.105,5.288,0.000,0.039,0.000,0.000,0.000
443951264944000,15107,0,303,0,1.474,0.528,0.163,0.095,29.918,0.000,0.021,0.118,1.234,0.000
443951330377000,656,3,1,0,3.918,447.786,6825.658,0.188,0.913,0.001,0.001,0.000,0.000,0.000
443951350129000,2472,0,0,0,0.000,0.000,0.000,0.125,5.288,0.000,0.039,0.000,0.000,0.000
443952267500000,15117,0,303,0,1.474,0.528,0.163,0.155,29.918,0.000,0.021,0.118,1.234,0.000
443952331868000,666,3,2,0,3.172,355.548,5931.162,0.362,0.913,0.000,0.001,0.000,0.000,0.000
443952351485000,2482,0,0,0,0.000,0.000,0.000,0.195,5.288,0.000,0.039,0.000,0.000,0.000
443953269268000,15127,0,303,0,1.474,0.528,0.163,0.086,29.918,0.000,0.021,0.118,1.234,0.000
443953332609000,676,3,2,0,3.172,355.548,5931.162,0.107,0.913,0.000,0.001,0.000,0.000,0.000
443953352186000,2492,0,0,0,0.000,0.000,0.000,0.124,5.288,0.000,0.039,0.000,0.000,0.000
443954270774000,15137,0,303,0,1.474,0.528,0.163,0.141,29.918,0.000,0.021,0.118,1.234,0.000
443954334031000,686,3,2,0,3.172,355.548,5931.162,0.160,0.913,0.000,0.001,0.000,0.000,0.000
443954353375000,2502,0,0,0,0.000,0.000,0.000,0.126,5.288,0.000,0.039,0.000,0.000,0.000
443955272035000,15147,0,304,0,2.086,0.677,0.272,0.126,29.918,0.000,0.021,0.118,1.234,0.000
443955335547000,696,3,2,0,3.172,355.548,5931.162,0.169,0.913,0.000,0.001,0.000,0.000,0.000
443955354966000,2512,0,0,0,0.000,0.000,0.000,0.231,5.288,0.000,0.039,0.000,0.000,0.000
443956273559000,15157,0,304,0,2.086,0.677,0.272,0.105,29.918,0.000,0.021,0.118,1.234,0.000
443956337185000,706,3,2,0,3.172,355.548,5931.162,0.162,0.913,0.000,0.001,0.000,0.000,0.000
443956357076000,2522,0,0,0,0.000,0.000,0.000,0.156,5.288,0.000,0.039,0.000,0.000,0.000
443957275143000,15167,0,304,0,2.086,0.677,0.272,0.133,29.918,0.000,0.021,0.118,1.234,0.000
443957338789000,717,3,2,0,3.172,355.548,5931.162,0.180,0.913,0.000,0.001,0.000,0.000,0.000
443957358608000,2532,0,0,0,0.000,0.000,0.000,0.155,5.288,0.001,0.039,0.000,0.000,0.000
443958276146000,15177,0,304,0,2.086,0.677,0.272,0.119,29.918,0.000,0.021,0.118,1.234,0.000
443958340368000,727,3,2,0,3.172,355.548,5931.162,0.139,0.913,0.000,0.001,0.000,0.000,0.000
443958359429000,2542,0,0,0,0.000,0.000,0.000,0.139,5.288,0.000,0.039,0.000,0.000,0.000
443959278470000,15187,0,304,0,2.086,0.677,0.272,0.136,29.918,0.000,0.021,0.118,1.234,0.000
443959341982000,737,3,2,0,3.172,355.548,5931.162,0.273,0.913,0.000,0.001,0.000,0.000,0.000
443959360791000,2552,0,0,0,0.000,0.000,0.000,0.154,5.288,0.000,0.039,0.000,0.000,0.000
443960280026000,15197,0,305,0,2.015,0.527,0.234,0.158,29.918,0.000,0.021,0.118,1.234,0.000
443960343632000,747,3,2,0,3.172,355.548,5931.162,0.183,0.913,0.000,0.001,0.000,0.000,0.000
443960362313000,2562,0,0,0,0.000,0.000,0.000,0.191,5.288,0.000,0.039,0.000,0.000,0.000
443961281577000,15207,0,305,0,2.015,0.527,0.234,0.181,29.918,0.001,0.021,0.118,1.234,0.000
443961344365000,757,3,2,0,3.172,355.548,5931.162,0.228,0.913,0.000,0.001,0.000,0.000,0.000
443961363739000,2572,0,0,0,0.000,0.000,0.000,0.219,5.288,0.001,0.039,0.000,0.000,0.000
443962283142000,15217,0,305,0,2.015,0.527,0.234,0.099,29.918,0.000,0.021,0.118,1.234,0.000
443962345905000,767,3,2,0,3.172,355.548,5931.162,0.259,0.913,0.000,0.001,0.000,0.000,0.000
443962365155000,2582,0,0,0,0.000,0.000,0.000,0.120,5.288,0.000,0.039,0.000,0.000,0.000
443963284713000,15227,0,305,0,2.015,0.527,0.234,0.126,29.918,0.000,0.021,0.118,1.234,0.000
443963346895000,777,3,2,0,3.172,355.548,5931.162,0.135,0.913,0.000,0.001,0.000,0.000,0.000
443963366399000,2592,0,0,0,0.000,0.000,0.000,0.155,5.288,0.000,0.039,0.000,0.000,0.000
443964286523000,15237,0,305,0,2.015,0.527,0.234,0.241,29.918,0.000,0.021,0.118,1.234,0.000
443964348348000,787,3,2,0,3.172,355.548,5931.162,0.345,0.913,0.000,0.001,0.000,0.000,0.000
443964367734000,2602,0,0,0,0.000,0.000,0.000,0.251,5.288,0.000,0.039,0.000,0.000,0.000
443965287975000,15247,0,306,0,1.898,0.465,0.263,0.143,29.918,0.000,0.021,0.118,1.234,0.000
443965350007000,797,3,2,0,3.172,355.548,5931.162,0.223,0.913,0.000,0.001,0.000,0.000,0.000
443965369194000,2612,0,0,0,0.000,0.000,0.000,0.124,5.288,0.000,0.039,0.000,0.000,0.000
443966289522000,15257,0,306,0,1.898,0.465,0.263,0.136,29.918,0.000,0.021,0.118,1.234,0.000
443966351373000,807,3,2,0,3.172,355.548,5931.162,0.189,0.913,0.000,0.001,0.000,0.000,0.000
443966370682000,2622,0,0,0,0.000,0.000,0.000,0.122,5.288,0.000,0.039,0.000,0.000,0.000
443967291159000,15267,0,306,0,1.898,0.465,0.263,0.223,29.918,0.000,0.021,0.118,1.234,0.000
443967352971000,817,3,2,0,3.172,355.548,5931.162,0.164,0.913,0.000,0.001,0.000,0.000,0.000
443967372130000,2632,0,0,0,0.000,0.000,0.000,0.183,5.288,0.000,0.039,0.000,0.000,0.000
443968292411000,15277,0,306,0,1.898,0.465,0.263,0.138,29.918,0.000,0.021,0.118,1.234,0.000
443968353932000,827,3,2,0,3.172,355.548,5931.162,0.082,0.913,0.000,0.001,0.000,0.000,0.000
443968373050000,2642,0,0,0,0.000,0.000,0.000,0.101,5.288,0.000,0.039,0.000,0.000,0.000
443969293722000,15287,0,306,0,1.898,0.465,0.263,0.222,29.918,0.000,0.021,0.118,1.234,0.000
443969355327000,837,3,2,0,3.172,355.548,5931.162,0.145,0.913,0.000,0.001,0.000,0.000,0.000
443969374496000,2652,0,0,0,0.000,0.000,0.000,0.152,5.288,0.000,0.039,0.000,0.000,0.000
443970295555000,15297,0,307,0,2.437,0.666,0.318,0.205,29.918,0.000,0.021,0.118,1.234,0.000
443970356965000,847,3,2,0,3.172,355.548,5931.162,0.180,0.913,0.000,0.001,0.000,0.000,0.000
443970375989000,2662,0,0,0,0.000,0.000,0.000,0.186,5.288,0.000,0.039,0.000,0.000,0.000
443971297238000,15307,0,307,0,2.437,0.666,0.318,0.173,29.918,0.000,0.021,0.367,1.234,0.000
443971358697000,857,3,2,0,3.172,355.548,5931.162,0.116,0.913,0.000,0.001,0.000,0.000,0.000
443971377557000,2672,0,0,0,0.000,0.000,0.000,0.121,5.288,0.000,0.039,0.000,0.000,0.000
443972298804000,15317,0,307,0,2.437,0.666,0.318,0.262,29.918,0.000,0.021,0.367,1.234,0.000
443972360104000,867,3,2,0,3.172,355.548,5931.162,0.142,0.913,0.001,0.001,0.000,0.000,0.000
443972379034000,2682,0,0,0,0.000,0.000,0.000,0.136,5.288,0.000,0.039,0.000,0.000,0.000
443973300574000,15327,0,307,0,2.437,0.666,0.318,0.094,29.918,0.000,0.021,0.367,1.234,0.000
443973361666000,877,3,2,0,3.172,355.548,5931.162,0.106,0.913,0.001,0.001,0.000,0.000,0.000
443973380683000,2692,0,0,0,0.000,0.000,0.000,0.131,5.288,0.000,0.039,0.000,0.000,0.000
443974302103000,15337,0,307,0,2.437,0.666,0.318,0.170,29.918,0.000,0.021,0.367,1.234,0.000
443974363081000,887,3,2,0,3.172,355.548,5931.162,0.202,0.913,0.000,0.001,0.000,0.000,0.000
443974382375000,2702,0,0,0,0.000,0.000,0.000,0.078,5.288,0.000,0.039,0.000,0.000,0.000
443975303692000,15347,0,308,0,1.269,0.139,0.090,0.202,29.918,0.000,0.021,0.367,1.234,0.000
443975364668000,897,3,2,0,3.172,355.548,5931.162,0.199,0.913,0.000,0.001,0.000,0.000,0.000
443975384134000,2712,0,0,0,0.000,0.000,0.000,0.148,5.288,0.000,0.039,0.000,0.000,0.000
443976304548000,15357,0,308,0,1.269,0.139,0.090,0.156,29.918,0.000,0.021,0.367,1.234,0.000
443976366214000,906,4,2,0,3.172,355.548,5931.162,0.077,0.913,0.000,0.001,0.000,0.000,0.000
443976385610000,2722,0,0,0,0.000,0.000,0.000,0.098,5.288,0.000,0.039,0.000,0.000,0.000
443977306352000,15367,0,308,0,1.269,0.139,0.090,0.141,29.918,0.000,0.021,0.367,1.234,0.000
443977367534000,916,4,2,0,3.172,355.548,5931.162,0.233,0.913,0.000,0.001,0.000,0.000,0.000
443977386975000,2732,0,0,0,0.000,0.000,0.000,0.258,5.288,0.001,0.039,0.000,0.000,0.000
443978307436000,15377,0,308,0,1.269,0.139,0.090,0.234,29.918,0.000,0.021,0.367,1.234,0.000
443978368976000,926,4,2,0,3.172,355.548,5931.162,0.173,0.913,0.000,0.001,0.000,0.000,0.000
443978388736000,2742,0,0,0,0.000,0.000,0.000,0.156,5.288,0.000,0.039,0.000,0.000,0.000
443979308812000,15387,0,308,0,1.269,0.139,0.090,0.171,29.918,0.000,0.021,0.367,1.234,0.000
443979370414000,936,4,2,0,3.172,355.548,5931.162,0.213,0.913,0.000,0.001,0.000,0.000,0.000
443979390212000,2752,0,0,0,0.000,0.000,0.000,0.190,5.288,0.000,0.039,0.000,0.000,0.000
443980310259000,15397,0,309,0,1.984,0.557,0.331,0.207,29.918,0.000,0.021,0.367,1.234,0.000
443980371738000,946,4,2,0,3.172,355.548,5931.162,0.232,0.913,0.000,0.001,0.000,0.000,0.000
443980391479000,2762,0,0,0,0.000,0.000,0.000,0.212,5.288,0.000,0.039,0.000,0.000,0.000
443981311880000,15407,0,309,0,1.984,0.557,0.331,0.150,29.918,0.000,0.021,0.367,1.234,0.000
443981373507000,956,4,2,0,3.172,355.548,5931.162,0.211,0.913,0.000,0.001,0.000,0.000,0.000
443981392609000,2772,0,0,0,0.000,0.000,0.000,0.156,5.288,0.000,0.039,0.000,0.000,0.000
443982313522000,15417,0,309,0,1.984,0.557,0.331,0.156,29.918,0.000,0.021,0.367,1.234,0.000
443982374584000,966,4,2,0,3.172,355.548,5931.162,0.203,0.913,0.001,0.001,0.000,0.000,0.000
443982394339000,2782,0,0,0,0.000,0.000,0.000,0.154,5.288,0.000,0.039,0.000,0.000,0.000
443983315366000,15427,0,309,0,1.984,0.557,0.331,0.145,29.918,0.000,0.021,0.367,1.234,0.000
443983376064000,976,4,2,0,3.172,355.548,5931.162,0.122,0.913,0.000,0.001,0.000,0.000,0.000
443983395916000,2792,0,0,0,0.000,0.000,0.000,0.175,5.288,0.000,0.039,0.000,0.000,0.000
443984316965000,15437,0,309,0,1.984,0.557,0.331,0.256,29.918,0.000,0.021,0.367,1.234,0.000
443984377471000,986,4,2,0,3.172,355.548,5931.162,0.173,0.913,0.000,0.001,0.000,0.000,0.000
443984397282000,2802,0,0,0,0.000,0.000,0.000,0.223,5.288,0.000,0.039,0.000,0.000,0.000
443985318811000,15447,0,310,0,2.312,0.581,0.246,0.185,29.918,0.000,0.021,0.367,1.234,0.000
443985379360000,996,4,2,0,3.172,355.548,5931.162,0.191,0.913,0.000,0.001,0.000,0.000,0.000
443985398752000,2812,0,0,0,0.000,0.000,0.000,0.207,5.288,0.000,0.039,0.000,0.000,0.000
443986320134000,15457,0,310,0,2.312,0.581,0.246,0.166,29.918,0.001,0.021,0.367,1.234,0.000
443986380472000,1006,4,2,0,3.172,355.548,5931.162,0.364,0.913,0.000,0.005,0.000,0.000,0.000
443986400284000,2822,0,0,0,0.000,0.000,0.000,0.139,5.288,0.000,0.039,0.000,0.000,0.000
443987321960000,15467,0,310,0,2.312,0.581,0.246,0.228,29.918,0.000,0.021,0.367,1.234,0.000
443987381947000,1016,4,2,0,3.172,355.548,5931.162,0.154,0.913,0.000,0.005,0.000,0.000,0.000
443987401898000,2832,0,0,0,0.000,0.000,0.000,0.168,5.288,0.000,0.039,0.000,0.000,0.000
443988323538000,15477,0,310,0,2.312,0.581,0.246,0.105,29.918,0.000,0.021,0.367,1.234,0.000
443988383468000,1026,4,2,0,3.172,355.548,5931.162,0.123,0.913,0.001,0.005,0.000,0.000,0.000
443988402857000,2842,0,0,0,0.000,0.000,0.000,0.137,5.288,0.000,0.039,0.000,0.000,0.000
443989325204000,15487,0,310,0,2.312,0.581,0.246,0.162,29.918,0.000,0.021,0.367,1.234,0.000
443989384873000,1036,4,2,0,3.172,355.548,5931.162,0.221,0.913,0.000,0.005,0.000,0.000,0.000
443989404173000,2852,0,0,0,0.000,0.000,0.000,0.122,5.288,0.000,0.039,0.000,0.000,0.000
443990326989000,15497,0,311,0,1.672,0.553,0.382,0.169,29.918,0.000,0.021,0.367,1.234,0.000
443990386507000,1046,4,2,0,3.172,355.548,5931.162,0.150,0.913,0.000,0.005,0.000,0.000,0.000
443990405617000,2862,0,0,0,0.000,0.000,0.000,0.153,5.288,0.000,0.039,0.000,0.000,0.000
443991328692000,15507,0,311,0,1.672,0.553,0.382,0.139,29.918,0.000,0.021,0.367,1.234,0.000
443991388077000,1056,4,2,0,3.172,355.548,5931.162,0.257,0.913,0.000,0.005,0.000,0.000,0.000
443991407106000,2872,0,0,0,0.000,0.000,0.000,0.267,5.288,0.000,0.039,0.000,0.000,0.000
443992330204000,15517,0,311,0,1.672,0.553,0.382,0.132,29.918,0.000,0.021,0.367,1.234,0.000
443992389807000,1066,4,2,0,3.172,355.548,5931.162,0.157,0.913,0.000,0.005,0.000,0.000,0.000
443992408056000,2882,0,0,0,0.000,0.000,0.000,0.168,5.288,0.001,0.039,0.000,0.000,0.000
443993331767000,15527,0,311,0,1.672,0.553,0.382,0.105,29.918,0.000,0.021,0.367,1.234,0.000
443993391499000,1076,4,2,0,3.172,355.548,5931.162,0.122,0.913,0.000,0.005,0.000,0.000,0.000
443993409530000,2892,0,0,0,0.000,0.000,0.000,0.113,5.288,0.000,0.039,0.000,0.000,0.000
443994333203000,15537,0,311,0,1.672,0.553,0.382,0.109,29.918,0.000,0.021,0.367,1.234,0.000
443994392910000,1086,4,2,0,3.172,355.548,5931.162,0.155,0.913,0.000,0.005,0.000,0.000,0.000
443994410917000,2902,0,0,0,0.000,0.000,0.000,0.254,5.288,0.000,0.039,0.000,0.000,0.000
443995334614000,15547,0,312,0,1.106,0.164,0.096,0.093,29.918,0.000,0.021,0.367,1.234,0.000
443995394494000,1096,4,2,0,3.172,355.548,5931.162,0.161,0.913,0.000,0.005,0.000,0.000,0.000
443995412366000,2912,0,0,0,0.000,0.000,0.000,0.146,5.288,0.000,0.039,0.000,0.000,0.000
443996336148000,15557,0,312,0,1.106,0.164,0.096,0.147,29.918,0.001,0.021,0.367,1.234,0.000
443996395945000,1106,4,2,0,3.172,355.548,5931.162,0.156,0.913,0.000,0.005,0.000,0.000,0.000
443996413962000,2922,0,0,0,0.000,0.000,0.000,0.170,5.288,0.001,0.039,0.000,0.000,0.000
443997337501000,15567,0,312,0,1.106,0.164,0.096,0.161,29.918,0.000,0.021,0.367,1.234,0.000
443997397288000,1116,4,2,0,3.172,355.548,5931.162,0.215,0.937,0.000,0.005,0.000,0.000,0.000
443997415406000,2932,0,0,0,0.000,0.000,0.000,0.195,5.288,0.000,0.039,0.000,0.000,0.000
443998338996000,15577,0,312,0,1.106,0.164,0.096,0.147,29.918,0.000,0.021,0.367,1.234,0.000
443998398593000,1126,4,2,0,3.172,355.548,5931.162,0.100,0.937,0.000,0.005,0.000,0.000,0.000
443998416866000,2942,0,0,0,0.000,0.000,0.000,0.123,5.288,0.000,0.039,0.000,0.000,0.000
443999340329000,15587,0,312,0,1.106,0.164,0.096,0.191,29.918,0.000,0.021,0.367,1.234,0.000
443999399963000,1136,4,2,0,3.172,355.548,5931.162,0.190,0.937,0.000,0.005,0.000,0.000,0.000
443999418293000,2952,0,0,0,0.000,0.000,0.000,0.125,5.288,0.000,0.039,0.000,0.000,0.000
444000341723000,15597,0,313,0,2.232,0.615,0.410,0.164,29.918,0.000,0.021,0.367,1.234,0.000
444000401387000,1146,4,2,0,3.172,355.548,5931.162,0.174,0.937,0.000,0.005,0.000,0.000,0.000
444000419657000,2962,0,0,0,0.000,0.000,0.000,0.232,5.288,0.000,0.039,0.000,0.000,0.000
444001343266000,15607,0,313,0,2.232,0.615,0.410,0.168,29.918,0.000,0.021,1.171,1.234,0.000
444001402594000,1156,4,2,0,3.172,355.548,5931.162,0.179,0.937,0.000,0.005,0.000,0.000,0.000
444001420165000,2972,0,0,0,0.000,0.000,0.000,0.211,5.288,0.000,0.039,0.000,0.000,0.000
444002344926000,15617,0,313,0,2.232,0.615,0.410,0.251,29.918,0.000,0.021,1.171,1.234,0.000
444002404215000,1166,4,2,0,3.172,355.548,5931.162,0.163,0.937,0.000,0.005,0.000,0.000,0.000
444002421694000,2982,0,0,0,0.000,0.000,0.000,0.264,5.288,0.000,0.039,0.000,0.000,0.000
444003346319000,15627,0,313,0,2.232,0.615,0.410,0.139,29.918,0.000,0.021,1.171,1.234,0.000
444003405776000,1176,4,2,0,3.172,355.548,5931.162,0.198,0.937,0.000,0.005,0.000,0.000,0.000
444003423022000,2992,0,0,0,0.000,0.000,0.000,0.111,5.288,0.000,0.039,0.000,0.000,0.000
444004347794000,15637,0,313,0,2.232,0.615,0.410,0.196,29.918,0.000,0.021,1.171,1.234,0.000
444004407396000,1186,4,2,0,3.172,355.548,5931.162,0.122,0.937,0.000,0.005,0.000,0.000,0.000
444004424369000,3002,0,0,0,0.000,0.000,0.000,0.155,5.288,0.000,0.039,0.000,0.000,0.000
444005349808000,15647,0,314,0,2.489,0.605,0.429,0.117,29.918,0.000,0.021,1.171,1.234,0.000
444005409152000,1196,4,2,0,3.172,355.548,5931.162,0.183,0.937,0.000,0.005,0.000,0.000,0.000
444005425778000,3012,0,0,0,0.000,0.000,0.000,0.194,5.288,0.000,0.039,0.000,0.000,0.000
444006351364000,15657,0,314,0,2.489,0.605,0.429,0.073,29.918,0.000,0.021,1.171,1.234,0.000
444006410627000,1205,5,2,0,3.172,355.548,5931.162,0.134,1.224,0.000,0.005,0.000,0.000,0.000
444006427108000,3022,0,0,0,0.000,0.000,0.000,0.271,5.288,0.001,0.039,0.000,0.000,0.000
444007353014000,15667,0,314,0,2.489,0.605,0.429,0.178,29.918,0.000,0.021,1.171,1.234,0.000
444007412185000,1215,5,2,0,3.172,355.548,5931.162,0.293,1.224,0.000,0.005,0.000,0.000,0.000
444007428484000,3032,0,0,0,0.000,0.000,0.000,0.187,5.288,0.000,0.039,0.000,0.000,0.000
444008354591000,15677,0,314,0,2.489,0.605,0.429,0.134,29.918,0.000,0.021,1.171,1.234,0.000
444008413699000,1225,5,2,0,3.172,355.548,5931.162,0.194,1.224,0.000,0.005,0.000,0.000,0.000
444008430176000,3042,0,0,0,0.000,0.000,0.000,0.105,5.288,0.000,0.039,0.000,0.000,0.000
444009356013000,15687,0,314,0,2.489,0.605,0.429,0.136,29.918,0.000,0.021,1.171,1.234,0.000
444009415067000,1235,5,2,0,3.172,355.548,5931.162,0.166,1.224,0.000,0.005,0.000,0.000,0.000
444009431481000,3052,0,0,0,0.000,0.000,0.000,0.154,5.288,0.000,0.039,0.000,0.000,0.000
444010357532000,15697,0,315,0,2.402,0.093,0.066,0.161,29.918,0.000,0.021,1.171,1.234,0.000
444010417408000,1245,5,2,0,3.172,355.548,5931.162,0.198,1.224,0.000,0.005,0.000,0.000,0.000
444010433002000,3062,0,0,0,0.000,0.000,0.000,0.088,5.288,0.000,0.039,0.000,0.000,0.000
444011359073000,15707,0,315,0,2.402,0.093,0.066,0.215,29.918,0.000,0.021,1.171,1.234,0.000
444011418466000,1255,5,2,0,3.172,355.548,5931.162,0.451,1.224,0.000,0.005,0.000,0.000,0.000
444011434528000,3072,0,0,0,0.000,0.000,0.000,0.179,5.288,0.000,0.039,0.000,0.000,0.000
444012359861000,15717,0,315,0,2.402,0.093,0.066,0.183,29.918,0.001,0.021,1.171,1.234,0.000
444012421249000,1265,5,2,0,3.172,355.548,5931.162,0.196,1.224,0.000,0.005,0.000,0.000,0.000
444012435910000,3082,0,0,0,0.000,0.000,0.000,0.299,5.288,0.000,0.039,0.000,0.000,0.000
444013361273000,15727,0,315,0,2.402,0.093,0.066,0.091,29.918,0.000,0.021,1.171,1.234,0.000
444013422567000,1275,5,2,0,3.172,355.548,5931.162,0.133,1.224,0.000,0.005,0.000,0.000,0.000
444013437269000,3092,0,0,0,0.000,0.000,0.000,0.116,5.288,0.000,0.039,0.000,0.000,0.000
444014362663000,15737,0,315,0,2.402,0.093,0.066,0.160,29.918,0.000,0.021,1.171,1.234,0.000
444014424094000,1285,5,2,0,3.172,355.548,5931.162,0.173,1.224,0.000,0.005,0.000,0.000,0.000
444014438694000,3102,0,0,0,0.000,0.000,0.000,0.198,5.288,0.000,0.039,0.000,0.000,0.000
444015364220000,15747,0,316,0,2.147,0.664,0.352,0.128,29.918,0.000,0.021,1.171,1.234,0.000
444015425996000,1296,5,2,0,3.172,355.548,5931.162,0.142,1.224,0.000,0.005,0.000,0.000,0.000
444015440282000,3112,0,0,0,0.000,0.000,0.000,0.159,5.288,0.000,0.039,0.000,0.000,0.000
444016365145000,15757,0,316,0,2.147,0.664,0.352,0.213,29.918,0.000,0.021,1.171,1.234,0.000
444016426646000,1306,5,2,0,3.172,355.548,5931.162,0.133,1.224,0.000,0.005,0.000,0.000,0.000
444016441868000,3122,0,0,0,0.000,0.000,0.000,0.100,5.288,0.000,0.039,0.000,0.000,0.000
444017366863000,15767,0,316,0,2.147,0.664,0.352,1.631,29.918,0.000,0.021,1.171,1.234,0.000
444017428063000,1316,5,2,0,3.172,355.548,5931.162,0.155,1.224,0.000,0.005,0.000,0.000,0.000
444017442237000,3132,0,0,0,0.000,0.000,0.000,0.118,5.288,0.000,0.039,0.000,0.000,0.000
444018368340000,15777,0,316,0,2.147,0.664,0.352,0.226,29.918,0.000,0.021,1.171,1.234,0.000
444018429538000,1326,5,2,0,3.172,355.548,5931.162,0.102,1.224,0.000,0.005,0.000,0.000,0.000
444018443551000,3142,0,0,0,0.000,0.000,0.000,0.107,5.288,0.000,0.039,0.000,0.000,0.000
444019369907000,15787,0,316,0,2.147,0.664,0.352,0.144,29.918,0.000,0.021,1.171,1.234,0.000
444019430928000,1336,5,3,0,1.825,330.581,5912.453,0.258,1.224,0.000,0.005,0.000,0.000,0.000
444019444878000,3152,0,0,0,0.000,0.000,0.000,0.135,5.288,0.000,0.039,0.000,0.000,0.000
444020371483000,15797,0,317,0,2.505,0.783,0.603,0.182,29.918,0.000,0.021,1.171,1.234,0.000
444020432395000,1346,5,3,0,1.825,330.581,5912.453,0.169,1.224,0.000,0.005,0.000,0.000,0.000
444020446397000,3162,0,0,0,0.000,0.000,0.000,0.186,5.288,0.001,0.039,0.000,0.000,0.000
444021373111000,15807,0,317,0,2.505,0.783,0.603,0.224,29.918,0.000,0.021,1.171,1.234,0.000
444021433690000,1356,5,3,0,1.825,330.581,5912.453,0.154,1.224,0.000,0.005,0.000,0.000,0.000
444021447499000,3172,0,0,0,0.000,0.000,0.000,0.153,5.288,0.001,0.039,0.000,0.000,0.000
444022374664000,15817,0,317,0,2.505,0.783,0.603,0.106,29.918,0.000,0.021,1.171,1.234,0.000
444022435070000,1365,5,3,0,1.825,330.581,5912.453,0.129,1.224,0.000,0.005,0.000,0.000,0.000
444022448975000,3182,0,0,0,0.000,0.000,0.000,0.160,5.288,0.000,0.039,0.000,0.000,0.000
444023380187000,15827,0,317,0,2.505,0.783,0.603,0.173,29.918,0.000,0.021,1.171,1.234,0.000
444023436401000,1376,5,3,0,1.825,330.581,5912.453,0.103,1.224,0.000,0.005,0.000,0.000,0.000
444023449932000,3192,0,0,0,0.000,0.000,0.000,0.099,5.288,0.001,0.039,0.000,0.000,0.000
444024381858000,15837,0,317,0,2.505,0.783,0.603,0.133,29.918,0.000,0.021,1.171,1.234,0.000
444024437755000,1386,5,3,0,1.825,330.581,5912.453,0.164,1.224,0.000,0.005,0.000,0.000,0.000
444024451235000,3202,0,0,0,0.000,0.000,0.000,0.189,5.288,0.000,0.039,0.000,0.000,0.000
444025382850000,15847,0,318,0,2.409,0.976,0.520,0.122,29.918,0.000,0.021,1.171,1.234,0.000
444025438763000,1396,5,3,0,1.825,330.581,5912.453,0.317,1.224,0.000,0.005,0.000,0.000,0.000
444025451647000,3212,0,0,0,0.000,0.000,0.000,0.216,5.288,0.000,0.039,0.000,0.000,0.000
444026384195000,15857,0,318,0,2.409,0.976,0.520,0.146,29.918,0.000,0.021,1.171,1.234,0.000
444026440212000,1406,5,3,0,1.825,330.581,5912.453,0.125,1.224,0.000,0.005,0.000,0.000,0.000
444026452059000,3222,0,0,0,0.000,0.000,0.000,0.148,5.288,0.000,0.039,0.000,0.000,0.000
444027385112000,15867,0,318,0,2.409,0.976,0.520,0.157,29.918,0.000,0.021,1.171,1.234,0.000
444027441484000,1416,5,3,0,1.825,330.581,5912.453,0.118,1.224,0.000,0.005,0.000,0.000,0.000
444027453502000,3232,0,0,0,0.000,0.000,0.000,0.132,5.288,0.000,0.039,0.000,0.000,0.000
444028386429000,15877,0,318,0,2.409,0.976,0.520,0.149,29.918,0.000,0.021,1.171,1.234,0.000
444028442749000,1426,5,3,0,1.825,330.581,5912.453,0.114,1.224,0.000,0.005,0.000,0.000,0.000
444028454785000,3242,0,0,0,0.000,0.000,0.000,0.124,5.288,0.000,0.039,0.000,0.000,0.000
444029387776000,15887,0,318,0,2.409,0.976,0.520,0.184,29.918,0.000,0.021,1.171,1.234,0.000
444029443310000,1436,5,3,0,1.825,330.581,5912.453,0.121,1.224,0.000,0.005,0.000,0.000,0.000
444029455753000,3252,0,0,0,0.000,0.000,0.000,0.268,5.288,0.000,0.039,0.000,0.000,0.000
444030389271000,15897,0,319,0,1.067,0.264,0.252,0.124,29.918,0.000,0.021,1.171,1.234,0.000
444030444556000,1446,5,3,0,1.825,330.581,5912.453,0.157,1.224,0.000,0.005,0.000,0.000,0.000
444030457124000,3262,0,0,0,0.000,0.000,0.000,0.170,5.288,0.000,0.039,0.000,0.000,0.000
444031391279000,15907,0,319,0,1.067,0.264,0.252,0.352,29.918,0.000,0.021,0.086,1.234,0.000
444031445564000,1456,5,3,0,1.825,330.581,5912.453,0.195,1.224,0.000,0.005,0.000,0.000,0.000
444031458470000,3272,0,0,0,0.000,0.000,0.000,0.182,5.288,0.001,0.039,0.000,0.000,0.000
444032393433000,15917,0,319,0,1.067,0.264,0.252,0.117,29.918,0.000,0.021,0.086,1.234,0.000
444032446864000,1466,5,3,0,1.825,330.581,5912.453,0.177,1.224,0.000,0.005,0.000,0.000,0.000
444032458879000,3282,0,0,0,0.000,0.000,0.000,0.264,5.288,0.000,0.039,0.000,0.000,0.000
444033394745000,15927,0,319,0,1.067,0.264,0.252,0.105,29.918,0.001,0.021,0.086,1.234,0.000
444033447589000,1476,5,3,0,1.825,330.581,5912.453,0.154,1.224,0.000,0.005,0.000,0.000,0.000
444033460398000,3292,0,0,0,0.000,0.000,0.000,0.174,5.288,0.000,0.039,0.000,0.000,0.000
444034396276000,15937,0,319,0,1.067,0.264,0.252,0.186,29.918,0.000,0.021,0.086,1.234,0.000
444034449004000,1486,5,3,0,1.825,330.581,5912.453,0.270,1.224,0.000,0.005,0.000,0.000,0.000
444034461708000,3302,0,0,0,0.000,0.000,0.000,0.264,5.288,0.000,0.039,0.000,0.000,0.000
444035397630000,15947,0,320,0,1.025,0.276,0.300,0.175,29.918,0.000,0.021,0.086,1.234,0.000
444035450395000,1496,5,3,0,1.825,330.581,5912.453,0.158,1.224,0.000,0.005,0.000,0.000,0.000
444035462248000,3312,0,0,0,0.000,0.000,0.000,0.181,5.288,0.000,0.039,0.000,0.000,0.000
444036399008000,15957,0,320,0,1.025,0.276,0.300,0.277,29.918,0.000,0.021,0.086,1.234,0.000
444036451713000,1505,6,3,0,1.825,330.581,5912.453,0.097,1.224,0.000,0.005,0.000,0.000,0.000
444036463591000,3322,0,0,0,0.000,0.000,0.000,0.084,5.288,0.000,0.039,0.000,0.000,0.000
444037400466000,15967,0,320,0,1.025,0.276,0.300,0.140,29.918,0.000,0.021,0.086,1.234,0.000
444037453169000,1515,6,3,0,1.825,330.581,5912.453,0.180,1.224,0.000,0.005,0.000,0.000,0.000
444037465023000,3332,0,0,0,0.000,0.000,0.000,0.137,5.288,0.000,0.039,0.000,0.000,0.000
444038402078000,15977,0,320,0,1.025,0.276,0.300,0.065,29.918,0.000,0.021,0.086,1.234,0.000
444038454862000,1525,6,3,0,1.825,330.581,5912.453,0.293,1.224,0.000,0.005,0.000,0.000,0.000
444038466505000,3342,0,0,0,0.000,0.000,0.000,0.190,5.288,0.000,0.039,0.000,0.000,0.000
444039403087000,15987,0,320,0,1.025,0.276,0.300,0.226,29.918,0.000,0.021,0.086,1.234,0.000
444039455629000,1535,6,3,0,1.825,330.581,5912.453,0.257,1.224,0.000,0.005,0.000,0.000,0.000
444039468013000,3352,0,0,0,0.000,0.000,0.000,0.156,5.288,0.000,0.039,0.000,0.000,0.000
444040404684000,15997,0,321,0,8.911,0.593,4.444,0.196,29.918,0.000,0.021,0.086,1.234,0.000
444040457264000,1545,6,3,0,1.825,330.581,5912.453,0.153,1.224,0.000,0.005,0.000,0.000,0.000
444040469953000,3362,0,0,0,0.000,0.000,0.000,0.123,5.288,0.000,0.039,0.000,0.000,0.000
444041405530000,16007,0,321,0,8.911,0.593,4.444,0.151,29.918,0.000,0.021,0.086,1.234,0.000
444041458919000,1555,6,3,0,1.825,330.581,5912.453,0.176,1.224,0.001,0.005,0.000,0.000,0.000
444041473887000,3372,0,0,0,0.000,0.000,0.000,0.211,5.288,0.000,0.039,0.000,0.000,0.000
444042407115000,16017,0,321,0,8.911,0.593,4.444,0.179,29.918,0.000,0.021,0.086,1.234,0.000
444042460371000,1565,6,3,0,1.825,330.581,5912.453,0.211,1.224,0.001,0.005,0.000,0.000,0.000
444042475770000,3382,0,0,0,0.000,0.000,0.000,0.128,5.288,0.000,0.039,0.000,0.000,0.000
444043408814000,16027,0,321,0,8.911,0.593,4.444,0.086,29.918,0.000,0.021,0.086,1.234,0.000
444043461945000,1575,6,3,0,1.825,330.581,5912.453,0.163,1.224,0.000,0.005,0.000,0.000,0.000
444043477114000,3392,0,0,0,0.000,0.000,0.000,0.171,5.288,0.000,0.039,0.000,0.000,0.000
444044410326000,16037,0,321,0,8.911,0.593,4.444,0.225,29.918,0.001,0.021,0.086,1.234,0.000
444044463365000,1585,6,3,0,1.825,330.581,5912.453,0.216,1.224,0.000,0.005,0.000,0.000,0.000
444044478874000,3402,0,0,0,0.000,0.000,0.000,0.196,5.288,0.000,0.039,0.000,0.000,0.000
444045411729000,16047,0,322,0,1.504,0.501,0.346,0.134,29.918,0.000,0.021,0.086,1.234,0.000
444045464047000,1595,6,3,0,1.825,330.581,5912.453,0.168,1.224,0.000,0.005,0.000,0.000,0.000
444045480004000,3412,0,0,0,0.000,0.000,0.000,0.238,5.288,0.000,0.039,0.000,0.000,0.000
444046413160000,16057,0,322,0,1.504,0.501,0.346,0.081,29.918,0.000,0.021,0.086,1.234,0.000
444046465000000,1605,6,3,0,1.825,330.581,5912.453,0.263,1.224,0.000,0.005,0.000,0.000,0.000
444046481041000,3422,0,0,0,0.000,0.000,0.000,0.118,5.288,0.000,0.039,0.000,0.000,0.000
444047414489000,16067,0,322,0,1.504,0.501,0.346,0.179,29.918,0.001,0.021,0.086,1.234,0.000
444047466548000,1615,6,3,0,1.825,330.581,5912.453,0.277,1.224,0.000,0.005,0.000,0.000,0.000
444047482516000,3432,0,0,0,0.000,0.000,0.000,0.170,5.288,0.000,0.039,0.000,0.000,0.000
444048415982000,16077,0,322,0,1.504,0.501,0.346,0.092,29.918,0.001,0.021,0.086,1.234,0.000
444048467530000,1625,6,3,0,1.825,330.581,5912.453,0.091,1.224,0.000,0.005,0.000,0.000,0.000
444048483996000,3442,0,0,0,0.000,0.000,0.000,0.271,5.288,0.000,0.039,0.000,0.000,0.000
444049417431000,16087,0,322,0,1.504,0.501,0.346,0.221,29.918,0.000,0.021,0.086,1.234,0.000
444049468594000,1635,6,3,0,1.825,330.581,5912.453,0.277,1.224,0.000,0.005,0.000,0.000,0.000
444049485096000,3452,0,0,0,0.000,0.000,0.000,0.154,5.288,0.001,0.039,0.000,0.000,0.000
444050419686000,16098,0,323,0,0.901,0.476,0.122,0.141,29.918,0.000,0.021,0.086,1.234,0.000
444050470319000,1645,6,3,0,1.825,330.581,5912.453,0.089,1.224,0.000,0.005,0.000,0.000,0.000
444050486577000,3462,0,0,0,0.000,0.000,0.000,0.200,5.288,0.000,0.039,0.000,0.000,0.000
444051421671000,16108,0,323,0,0.901,0.476,0.122,0.179,29.918,0.000,0.021,0.086,1.234,0.000
444051471880000,1655,6,3,0,1.825,330.581,5912.453,0.150,1.224,0.000,0.005,0.000,0.000,0.000
444051488007000,3472,0,0,0,0.000,0.000,0.000,0.163,5.288,0.001,0.039,0.000,0.000,0.000
444052422719000,16118,0,323,0,0.901,0.476,0.122,0.042,29.918,0.000,0.021,0.086,1.234,0.000
444052473458000,1665,6,3,0,1.825,330.581,5912.453,0.083,1.224,0.000,0.005,0.000,0.000,0.000
444052489586000,3482,0,0,0,0.000,0.000,0.000,0.049,5.288,0.000,0.039,0.000,0.000,0.000
444053425021000,16128,0,323,0,0.901,0.476,0.122,0.099,29.918,0.001,0.021,0.086,1.234,0.000
444053474786000,1675,6,3,0,1.825,330.581,5912.453,0.146,1.224,0.000,0.005,0.000,0.000,0.000
444053491610000,3492,0,0,0,0.000,0.000,0.000,0.280,5.288,0.000,0.039,0.000,0.000,0.000
444054425679000,16138,0,323,0,0.901,0.476,0.122,0.151,29.918,0.000,0.021,0.086,1.234,0.000
444054476134000,1685,6,3,0,1.825,330.581,5912.453,0.259,1.224,0.000,0.005,0.000,0.000,0.000
444054493021000,3502,0,0,0,0.000,0.000,0.000,0.222,5.288,0.000,0.039,0.000,0.000,0.000
444055427224000,16148,0,324,0,1.739,0.374,0.240,0.064,29.918,0.000,0.021,0.086,1.234,0.000
444055476879000,1695,6,3,0,1.825,330.581,5912.453,0.081,1.224,0.000,0.005,0.000,0.000,0.000
444055494654000,3512,0,0,0,0.000,0.000,0.000,0.108,5.288,0.001,0.039,0.000,0.000,0.000
444056428476000,16158,0,324,0,1.739,0.374,0.240,0.226,29.918,0.000,0.021,0.086,1.234,0.000
444056478260000,1705,6,3,0,1.825,330.581,5912.453,0.133,1.224,0.000,0.005,0.000,0.000,0.000
444056496066000,3522,0,0,0,0.000,0.000,0.000,0.260,5.288,0.000,0.039,0.000,0.000,0.000
444057429853000,16168,0,324,0,1.739,0.374,0.240,0.146,29.918,0.000,0.021,0.086,1.234,0.000
444057479845000,1715,6,3,0,1.825,330.581,5912.453,0.218,1.224,0.000,0.005,0.000,0.000,0.000
444057497643000,3532,0,0,0,0.000,0.000,0.000,0.133,5.288,0.000,0.039,0.000,0.000,0.000
444058430940000,16178,0,324,0,1.739,0.374,0.240,0.246,29.918,0.000,0.021,0.086,1.234,0.000
444058481045000,1725,6,3,0,1.825,330.581,5912.453,0.230,1.224,0.000,0.005,0.000,0.000,0.000
444058499839000,3542,0,0,0,0.000,0.000,0.000,0.298,5.288,0.000,0.039,0.000,0.000,0.000
444059432581000,16188,0,324,0,1.739,0.374,0.240,0.180,29.918,0.000,0.021,0.086,1.234,0.000
444059482364000,1735,6,3,0,1.825,330.581,5912.453,0.263,1.224,0.000,0.005,0.000,0.000,0.000
444059501310000,3552,0,0,0,0.000,0.000,0.000,0.204,5.288,0.000,0.039,0.000,0.000,0.000
444060433909000,16198,0,325,0,1.578,0.405,0.290,0.141,29.918,0.000,0.021,0.086,1.234,0.000
444060484095000,1745,6,3,0,1.825,330.581,5912.453,0.225,1.224,0.001,0.005,0.000,0.000,0.000
444060503051000,3562,0,0,0,0.000,0.000,0.000,0.205,5.288,0.000,0.039,0.000,0.000,0.000
444061435412000,16208,0,325,0,1.578,0.405,0.290,0.168,29.918,0.001,0.021,0.126,1.234,0.000
444061485698000,1755,6,3,0,1.825,330.581,5912.453,0.208,1.224,0.000,0.005,0.000,0.000,0.000
444061504082000,3572,0,0,0,0.000,0.000,0.000,0.158,5.288,0.000,0.039,0.000,0.000,0.000
444062436874000,16218,0,325,0,1.578,0.405,0.290,0.150,29.918,0.000,0.021,0.126,1.234,0.000
444062486650000,1765,6,3,0,1.825,330.581,5912.453,0.223,1.224,0.000,0.005,0.000,0.000,0.000
444062505549000,3582,0,0,0,0.000,0.000,0.000,0.146,5.288,0.000,0.039,0.000,0.000,0.000
444063438167000,16228,0,325,0,1.578,0.405,0.290,0.077,29.918,0.000,0.021,0.126,1.234,0.000
444063488240000,1775,6,3,0,1.825,330.581,5912.453,0.145,1.224,0.000,0.005,0.000,0.000,0.000
444063506029000,3592,0,0,0,0.000,0.000,0.000,0.092,5.288,0.000,0.039,0.000,0.000,0.000
444064439570000,16238,0,325,0,1.578,0.405,0.290,0.150,29.918,0.000,0.021,0.126,1.234,0.000
444064489627000,1785,6,3,0,1.825,330.581,5912.453,0.221,1.224,0.000,0.005,0.000,0.000,0.000
444064507370000,3602,0,0,0,0.000,0.000,0.000,0.109,5.288,0.000,0.039,0.000,0.000,0.000
444065441616000,16248,0,326,0,1.809,0.475,0.359,0.110,29.918,0.000,0.021,0.126,1.234,0.000
444065491244000,1795,6,3,0,1.825,330.581,5912.453,0.168,1.224,0.000,0.005,0.000,0.000,0.000
444065508788000,3612,0,0,0,0.000,0.000,0.000,0.076,5.288,0.000,0.039,0.000,0.000,0.000
444066443016000,16258,0,326,0,1.809,0.475,0.359,0.097,29.918,0.000,0.021,0.126,1.234,0.000
444066492857000,1804,7,3,0,1.825,330.581,5912.453,0.071,1.224,0.000,0.005,0.000,0.000,0.000
444066510114000,3622,0,0,0,0.000,0.000,0.000,0.064,5.288,0.000,0.039,0.000,0.000,0.000
444067444413000,16268,0,326,0,1.809,0.475,0.359,0.261,29.918,0.000,0.021,0.126,1.234,0.000
444067494415000,1814,7,3,0,1.825,330.581,5912.453,0.138,1.224,0.000,0.005,0.000,0.000,0.000
444067511225000,3632,0,0,0,0.000,0.000,0.000,0.106,5.288,0.000,0.039,0.000,0.000,0.000
444068445925000,16278,0,326,0,1.809,0.475,0.359,0.098,29.918,0.000,0.021,0.126,1.234,0.000
444068495609000,1824,7,3,0,1.825,330.581,5912.453,0.097,1.224,0.000,0.005,0.000,0.000,0.000
444068512484000,3642,0,0,0,0.000,0.000,0.000,0.097,5.288,0.000,0.039,0.000,0.000,0.000
444069447341000,16288,0,326,0,1.809,0.475,0.359,0.174,29.918,0.000,0.021,0.126,1.234,0.000
444069496927000,1834,7,3,0,1.825,330.581,5912.453,0.174,1.224,0.000,0.005,0.000,0.000,0.000
444069513905000,3652,0,0,0,0.000,0.000,0.000,0.173,5.288,0.000,0.039,0.000,0.000,0.000
444070448876000,16298,0,327,0,1.734,0.328,0.245,0.136,29.918,0.000,0.021,0.126,1.234,0.000
444070497862000,1844,7,3,0,1.825,330.581,5912.453,0.151,1.224,0.000,0.005,0.000,0.000,0.000
444070515330000,3662,0,0,0,0.000,0.000,0.000,0.154,5.288,0.000,0.039,0.000,0.000,0.000
444071450380000,16308,0,327,0,1.734,0.328,0.245,0.101,29.918,0.000,0.021,0.126,1.234,0.000
444071499280000,1854,7,3,0,1.825,330.581,5912.453,0.102,1.224,0.000,0.005,0.000,0.000,0.000
444071516780000,3672,0,0,0,0.000,0.000,0.000,0.133,5.288,0.000,0.039,0.000,0.000,0.000
444072451626000,16318,0,327,0,1.734,0.328,0.245,0.204,29.918,0.000,0.021,0.126,1.234,0.000
444072500532000,1864,7,3,0,1.825,330.581,5912.453,0.203,1.224,0.000,0.005,0.000,0.000,0.000
444072518301000,3682,0,0,0,0.000,0.000,0.000,0.280,5.288,0.000,0.039,0.000,0.000,0.000
444073453179000,16328,0,327,0,1.734,0.328,0.245,0.162,29.918,0.000,0.021,0.126,1.234,0.000
444073502039000,1874,7,3,0,1.825,330.581,5912.453,0.165,1.224,0.000,0.005,0.000,0.000,0.000
444073519778000,3692,0,0,0,0.000,0.000,0.000,0.164,5.288,0.000,0.039,0.000,0.000,0.000
444074454557000,16338,0,327,0,1.734,0.328,0.245,0.148,29.918,0.000,0.021,0.126,1.234,0.000
444074503639000,1884,7,3,0,1.825,330.581,5912.453,0.155,1.224,0.000,0.005,0.000,0.000,0.000
444074521352000,3702,0,0,0,0.000,0.000,0.000,0.116,5.288,0.000,0.039,0.000,0.000,0.000
444075455948000,16348,0,328,0,2.620,0.780,0.545,0.679,29.918,0.000,0.021,0.126,1.234,0.000
444075505304000,1894,7,3,0,1.825,330.581,5912.453,0.209,1.224,0.000,0.005,0.000,0.000,0.000
444075522718000,3712,0,0,0,0.000,0.000,0.000,1.253,5.288,0.000,0.039,0.000,0.000,0.000
444076458089000,16358,0,328,0,2.620,0.780,0.545,0.122,29.918,0.000,0.021,0.126,1.234,0.000
444076506865000,1904,7,3,0,1.825,330.581,5912.453,0.134,1.224,0.000,0.005,0.000,0.000,0.000
444076524125000,3722,0,0,0,0.000,0.000,0.000,0.191,5.288,0.000,0.039,0.000,0.000,0.000
444077460421000,16368,0,328,0,2.620,0.780,0.545,0.078,29.918,0.000,0.021,0.126,1.234,0.000
444077508188000,1914,7,3,0,1.825,330.581,5912.453,0.090,1.224,0.001,0.005,0.000,0.000,0.000
444077525812000,3732,0,0,0,0.000,0.000,0.000,0.090,5.288,0.000,0.039,0.000,0.000,0.000
444078461937000,16378,0,328,0,2.620,0.780,0.545,0.087,29.918,0.000,0.021,0.126,1.234,0.000
444078509375000,1924,7,3,0,1.825,330.581,5912.453,0.100,1.224,0.000,0.005,0.000,0.000,0.000
444078527044000,3742,0,0,0,0.000,0.000,0.000,0.143,5.288,0.000,0.039,0.000,0.000,0.000
444079463336000,16388,0,328,0,2.620,0.780,0.545,0.116,29.918,0.000,0.021,0.126,1.234,0.000
444079510712000,1934,7,3,0,1.825,330.581,5912.453,0.149,1.224,0.000,0.005,0.000,0.000,0.000
444079528395000,3752,0,0,0,0.000,0.000,0.000,0.165,5.288,0.000,0.039,0.000,0.000,0.000
444080464628000,16398,0,329,0,0.872,0.158,0.092,0.060,29.918,0.000,0.021,0.126,1.234,0.000
444080512143000,1944,7,3,0,1.825,330.581,5912.453,0.060,1.224,0.000,0.005,0.000,0.000,0.000
444080529887000,3762,0,0,0,0.000,0.000,0.000,0.045,5.288,0.000,0.039,0.000,0.000,0.000
444081465342000,16408,0,329,0,0.872,0.158,0.092,0.039,29.918,0.000,0.021,0.126,1.234,0.000
444081513310000,1954,7,3,0,1.825,330.581,5912.453,0.060,1.224,0.000,0.005,0.000,0.000,0.000
444081531113000,3772,0,0,0,0.000,0.000,0.000,0.055,5.288,0.000,0.039,0.000,0.000,0.000
444082467626000,16418,0,329,0,0.872,0.158,0.092,0.115,29.918,0.000,0.021,0.126,1.234,0.000
444082514476000,1964,7,3,0,1.825,330.581,5912.453,0.120,1.224,0.000,0.005,0.000,0.000,0.000
444082532778000,3782,0,0,0,0.000,0.000,0.000,0.120,5.288,0.000,0.039,0.000,0.000,0.000
444083468911000,16428,0,329,0,0.872,0.158,0.092,0.075,29.918,0.000,0.021,0.126,1.234,0.000
444083515801000,1974,7,3,0,1.825,330.581,5912.453,0.103,1.224,0.000,0.005,0.000,0.000,0.000
444083534305000,3792,0,0,0,0.000,0.000,0.000,0.072,5.288,0.001,0.039,0.000,0.000,0.000
444084470157000,16438,0,329,0,0.872,0.158,0.092,0.070,29.918,0.000,0.021,0.126,1.234,0.000
444084517224000,1984,7,3,0,1.825,330.581,5912.453,0.125,1.224,0.001,0.005,0.000,0.000,0.000
444084536107000,3802,0,0,0,0.000,0.000,0.000,0.072,5.288,0.000,0.039,0.000,0.000,0.000
444085471470000,16448,0,330,0,2.566,0.741,0.960,0.075,29.918,0.000,0.021,0.126,1.234,0.000
444085518870000,1994,7,4,0,1.913,361.975,5736.179,0.121,1.224,0.000,0.005,0.000,0.000,0.000
444085537618000,3812,0,0,0,0.000,0.000,0.000,0.120,5.288,0.000,0.039,0.000,0.000,0.000
444086472178000,16458,0,330,0,2.566,0.741,0.960,0.103,29.918,0.000,0.021,0.126,1.234,0.000
444086520138000,2004,7,4,0,1.913,361.975,5736.179,0.099,1.224,0.000,0.005,0.000,0.000,0.000
444086539048000,3822,0,0,0,0.000,0.000,0.000,0.048,5.288,0.000,0.039,0.000,0.000,0.000
444087473200000,16468,0,330,0,2.566,0.741,0.960,0.169,29.918,0.000,0.021,0.126,1.234,0.000
444087521367000,2014,7,4,0,1.913,361.975,5736.179,0.083,1.224,0.000,0.005,0.000,0.000,0.000
444087540292000,3832,0,0,0,0.000,0.000,0.000,0.083,5.288,0.000,0.039,0.000,0.000,0.000
